id,username,email,salary,phno,insentive,job_title,bonus
1,"jennife ",tiffanybird@example.com,58822.94,4960794479,NULL,"Administrative Assistant",NULL
3,"keyloga ",eatkins@example.com,22516.89,4533288674,7000.00,"Product Manager",10000.00
5,"michael ",moorekenneth@example.org,136666.42,8323133513,7000.00,Accountant,10000.00
6,"hessjos ",yolandabarton@example.com,53163.77,6026987441,7000.00,"HR Specialist",10000.00
7,"amartin ",natalie36@example.org,24638.02,6961981904,7000.00,"Front-end Developer",10000.00
8,"cohenja ",aaronvincent@example.com,18189.93,1709726994,7000.00,"Research and Development Specialist",10000.00
9,"olsenjo ",paulrhonda@example.net,71262.95,3620828639,7000.00,"Scrum Master",10000.00
10,"zconley ",icampbell@example.net,12156.87,4356479514,7000.00,"Public Relations Specialist",10000.00
11,"bvelazq ",lucerovictoria@example.com,72417.29,2947116518,7000.00,"Event Coordinator",3000.00
12,"anthony ",patrickfreeman@example.com,64552.17,8428647824,7000.00,Accountant,NULL
13,"kellyam ",jonesjamie@example.org,85594.19,9068121873,7000.00,"Compliance Officer",3000.00
14,"warddav ",mitchell50@example.com,117391.78,7565524967,7000.00,"Logistics Coordinator",NULL
15,"hicksst ",julie28@example.com,17595.82,5391922841,7000.00,"UX/UI Designer",3000.00
16,"brownsa ",richardsonchristopher@example.net,97517.53,4724802529,7000.00,"Team Lead",3000.00
17,"zachary ",josephbailey@example.org,104554.89,7891435305,7000.00,"CHRO (Chief Human Resources Officer)",NULL
18,"collins ",zmiller@example.com,50003.25,7922964364,7000.00,"General Manager",3000.00
19,"weeksal ",qmartinez@example.net,12927.64,7614168694,7000.00,"IT Administrator",NULL
20,"yjackso ",michellehoward@example.org,33375.43,8104423060,7000.00,"Administrative Assistant",3000.00
21,"andrea4 ",tgardner@example.org,105268.79,7603139701,7000.00,"Network Engineer",NULL
22,"pauldal ",pamelaberry@example.net,37058.67,7998777805,7000.00,"DevOps Engineer",NULL
23,"lauriej ",barnettzoe@example.com,35506.24,2322832222,7000.00,"CIO (Chief Information Officer)",NULL
24,"xpineda ",jacob18@example.com,105175.62,7583680675,7000.00,"Data Scientist",NULL
25,"kristin ",thomas37@example.com,66638.33,3532955635,7000.00,"Data Scientist",3000.00
26,"wiggins ",brian13@example.com,75942.02,3683845595,7000.00,"Data Analyst",NULL
27,"seancra ",butlerbrian@example.net,85238.45,7040020715,7000.00,"Social Media Manager",NULL
28,"whitele ",reednancy@example.com,54459.68,5465931326,7000.00,"Customer Success Manager",NULL
29,"latoya2 ",jennifer44@example.com,98727.53,9493921263,7000.00,"General Manager",NULL
30,"thomasg ",bauermichael@example.net,67371.59,3973461793,7000.00,"Back-end Developer",3000.00
31,"roberth ",andreacabrera@example.net,100363.45,3810042051,7000.00,"Data Scientist",NULL
32,"rileyri ",albertodonnell@example.org,77423.06,9250936889,7000.00,"Content Writer",NULL
33,"ispence ",brandonking@example.org,81533.43,1275891785,7000.00,"Network Engineer",NULL
34,"garcial ",tconley@example.org,107885.14,3907193657,7000.00,Accountant,NULL
35,"ashleec ",cheryl36@example.net,27561.38,9461647868,7000.00,"Procurement Specialist",3000.00
36,"brandon ",rle@example.net,58960.88,1059477924,7000.00,"Product Manager",NULL
37,"taylor9 ",wwilliams@example.org,97748.64,7772261463,7000.00,"Facilities Manager",NULL
38,"bethany ",yunatasha@example.com,106931.33,1149435956,7000.00,"Facilities Manager",NULL
39,"taylork ",kimchristensen@example.org,77953.04,3968759588,7000.00,"Customer Support Specialist",NULL
40,"thomasm ",robert11@example.org,21102.40,4790363241,7000.00,"Graphic Designer",3000.00
41,"katie53 ",jonathan95@example.org,30454.49,6525788763,7000.00,"Product Manager",NULL
42,"vtucker ",mjohnson@example.com,59513.85,4287693774,7000.00,"Network Engineer",NULL
43,"gentryk ",lbyrd@example.com,39011.61,1707792571,7000.00,"CMO (Chief Marketing Officer)",NULL
44,"turnerv ",bryan86@example.org,86518.63,8000993316,7000.00,"Software Engineer",NULL
45,"xrussel ",cartertamara@example.com,14985.85,8261983070,7000.00,"Data Scientist",NULL
46,"lauren3 ",gmcmahon@example.net,116720.23,1634930476,7000.00,"Social Media Manager",NULL
47,"pottssh ",coxjennifer@example.com,44265.43,1621485319,7000.00,"Public Relations Specialist",NULL
48,"stevens ",jessica19@example.net,86016.48,8536548889,7000.00,"Financial Analyst",NULL
49,"jennife ",holtcharles@example.com,102168.77,5297458219,7000.00,"Software Engineer",NULL
50,"ryan76@ ",drowe@example.com,55803.99,6982737392,7000.00,"Technical Support Specialist",3000.00
51,"jonesth ",fclark@example.com,51761.38,2308379244,7000.00,"Procurement Specialist",NULL
52,"marybar ",amanda14@example.net,98785.61,5510851061,7000.00,"Database Administrator",NULL
53,"juliego ",edwardsmargaret@example.net,54832.36,7948610820,7000.00,"Business Analyst",NULL
54,"taylors ",bryanwalters@example.com,111915.32,1841430168,7000.00,"Software Engineer",NULL
55,"tommy33 ",thomaskimberly@example.net,47556.63,6099557625,7000.00,"Financial Analyst",NULL
56,"bryanwa ",walter99@example.net,42105.58,9471973267,7000.00,"Compliance Officer",NULL
57,"melissa ",taylorcorey@example.org,77697.73,1336992775,7000.00,"DevOps Engineer",NULL
58,"sharon0 ",watsoncatherine@example.net,17007.76,6955540553,7000.00,"Compliance Officer",NULL
59,"michael ",pdavenport@example.net,115616.71,1031393736,7000.00,"Operations Manager",NULL
60,"danielp ",kirsten10@example.net,93369.65,3077362695,7000.00,"Software Engineer",3000.00
61,"apadill ",rmills@example.com,35218.26,3470571535,7000.00,"Sales Manager",NULL
62,"heather ",clayton75@example.org,25475.34,1331513656,7000.00,"Marketing Manager",NULL
63,"marknea ",diazfaith@example.com,46820.95,3004515145,7000.00,"Training Coordinator",NULL
64,"rodrigu ",patrickmyers@example.org,51360.87,2623972645,7000.00,"Scrum Master",NULL
65,"vmurphy ",bellnathan@example.org,109789.35,3909104247,7000.00,"Data Analyst",NULL
66,"scottje ",colleen75@example.org,26613.95,9815118185,7000.00,"Quality Assurance Analyst",NULL
67,"iramire ",uwebster@example.net,92364.14,5560003482,7000.00,"Back-end Developer",NULL
68,"mcgeero ",julie17@example.org,14735.38,9563833303,7000.00,"Sales Manager",NULL
69,"imedina ",collinsjohn@example.com,59536.84,9109527203,7000.00,"Project Manager",NULL
70,"thomasc ",phartman@example.com,15075.39,2246742076,7000.00,"Social Media Manager",NULL
71,"lawrenc ",ellisgina@example.org,36035.01,4714477475,7000.00,"Systems Analyst",NULL
72,"cartert ",seanthompson@example.net,80283.50,4059729686,7000.00,"Network Engineer",NULL
73,"bowmanr ",ian32@example.net,63358.02,2814681954,7000.00,"Software Engineer",NULL
74,"kelli28 ",danielclark@example.org,64964.90,1655536608,7000.00,"Training Coordinator",NULL
75,"jody69@ ",stevenmiller@example.net,92973.98,9762333933,7000.00,"Sales Manager",NULL
76,"royyoun ",ocoleman@example.net,42429.86,5799748026,7000.00,"Project Manager",NULL
77,"kristin ",chanandrew@example.org,54940.05,6170372346,7000.00,"Graphic Designer",NULL
78,"ballchr ",sshort@example.org,73737.40,2421713657,7000.00,"Event Coordinator",NULL
79,"madison ",dominique05@example.com,72902.50,8477550316,7000.00,"Front-end Developer",NULL
80,"matthew ",baileychristian@example.org,83427.08,8323282842,7000.00,"Event Coordinator",3000.00
81,"hornrob ",franksimon@example.com,39681.95,2177526056,7000.00,"Front-end Developer",NULL
82,"janice9 ",aprilgilbert@example.net,61084.43,3906226626,7000.00,"Customer Success Manager",NULL
83,"katrina ",rharrington@example.com,27627.93,2360417289,7000.00,"Graphic Designer",NULL
84,"davenpo ",derrickhoffman@example.com,110388.30,9122533455,7000.00,"Business Development Manager",NULL
85,"rodrigu ",hsaunders@example.net,92663.01,6468886099,7000.00,"CHRO (Chief Human Resources Officer)",NULL
86,"brewerd ",lauren41@example.com,53584.85,8526022702,7000.00,"Executive Assistant",NULL
87,"dana13@ ",joseph27@example.com,85176.74,2168098508,7000.00,"DevOps Engineer",NULL
88,"amyjack ",danielrosales@example.net,83774.35,1091825490,7000.00,"Logistics Coordinator",NULL
89,"coxmeli ",jonathangill@example.net,112735.70,2997895456,7000.00,"CIO (Chief Information Officer)",NULL
90,"egreen@ ",sli@example.com,69714.15,9000083148,7000.00,"Business Development Manager",NULL
91,"asmith@ ",changshelby@example.org,90247.85,8301892045,7000.00,"Event Coordinator",NULL
92,"lauriek ",danielkoch@example.net,73439.74,3834921810,7000.00,"Front-end Developer",NULL
93,"mason88 ",chenderson@example.org,66222.09,9763401027,7000.00,"Executive Assistant",NULL
94,"strickl ",flowerstanya@example.com,80190.33,2517966625,7000.00,"CMO (Chief Marketing Officer)",NULL
95,"john72@ ",sdavis@example.net,87480.58,5230671467,7000.00,"Marketing Manager",NULL
96,"coxshan ",vcaldwell@example.org,47874.86,4069382086,7000.00,"Network Engineer",NULL
97,"xwillia ",garciaalexander@example.com,75004.27,6527370014,7000.00,"Technical Support Specialist",NULL
98,"william ",ljohnson@example.net,113058.77,9911091783,7000.00,"Administrative Assistant",NULL
99,"cory66@ ",xarmstrong@example.org,19367.26,3870057867,7000.00,"Procurement Specialist",NULL
100,"melissa ",tperez@example.com,71893.36,5092751586,7000.00,"CIO (Chief Information Officer)",3000.00
101,abcdefg,ebaldwin@example.org,83091.91,3334038921,7000.00,"Social Media Manager",NULL
102,hijak,ellen23@example.com,73928.58,4894254123,7000.00,"CHRO (Chief Human Resources Officer)",NULL
103,egasdfgh,wellsjanet@example.net,46172.39,1691242680,7000.00,"Database Administrator",NULL
